Epoch,Random_Noise_L2,Predicted_Noise_L2,Improvement_Percent
1,0.8341593742370605,0.8320226073265076,0.25615811277159234
2,0.6771060824394226,0.528162956237793,21.99701495296416
