Epoch,Random_Noise_L2,Predicted_Noise_L2,Improvement_Percent
1,0.6996793746948242,0.7042462229728699,-0.6527058597429078
2,0.6453430652618408,0.4167177379131317,35.42694415658544
3,0.9337605834007263,0.5943617820739746,36.34751855670241
4,0.7809457182884216,0.5559371113777161,28.812323525359872
