Epoch,Random_Noise_L2,Predicted_Noise_L2,Improvement_Percent
1,0.7484699487686157,0.7659816741943359,-2.339669809660433
2,0.8289526700973511,0.40694350004196167,50.90871714133319
3,0.5163994431495667,0.39285334944725037,23.924521093360894
4,1.1151951551437378,0.6459161043167114,42.080442034070785
5,0.6257816553115845,0.5355610251426697,14.417269890085354
6,0.6840343475341797,0.5242135524749756,23.36444005119468
7,0.9890877604484558,0.5685211420059204,42.52065744417351
